variable,count,mean,std,min,25%,50%,75%,max,original
dummy1,1000.0,0.0001875309949487207,0.010558550484436095,-0.0322109341196616,-0.007270461871136925,-2.7017794007377915e-05,0.007661104448824325,0.0320103189186973,0.0033574066674759
dummy2,1000.0,-0.00018667434552132993,0.010651345919596903,-0.0391097792055443,-0.0075437459981339255,0.00011451372322745,0.0069892017938819,0.0301220887808613,0.0061758747222668
x1,1000.0,0.040301930546798904,3.1168114721218974,-8.734551546209445,-2.01622341555608,-0.09544844874078531,2.0311283976550856,28.20566330796732,28.20566330796732
x2,1000.0,-0.08429317600638146,7.7872871393893055,-28.59134191227657,-5.275441666725509,0.12809495544516195,4.783527153159343,75.0516043030476,75.0516043030476
x3,1000.0,-0.03452128419269806,1.8477367614281635,-5.365025200794266,-1.250356678320945,-0.032517736767192454,1.1130236087442127,17.75359664997136,17.75359664997136
